{
    "normal": [
        -0.018090615049004555,
        -0.007340843323618174,
        0.9998093843460083
    ],
    "h": -0.0625595822930336,
    "gaussians": null
}